message,from,to
Yamia,Lamont,Nortcliffe
Izio,Gigi,Sagg
Edgeblab,Dolley,Rendle
Reallinks,Nana,Van Arsdall
Zoomzone,Sarena,Dyster
Skibox,Chase,Rawsthorne
Thoughtmix,Tim,Petheridge
Plambee,Friedrich,Vanin
Oyondu,Kelwin,MacSkeagan
Digitube,Annemarie,Greeding
Photobug,Dolorita,Antonsson
Buzzshare,Bernardina,Acheson
Vinte,Hyman,Harkus
Devbug,Bernadette,Leak
Divavu,Roddy,Fearnsides
Brainlounge,Cointon,Crosier
Plajo,Paolo,Bilovsky
Pixonyx,Morgana,Garbott
Bubblebox,Dorri,Sollom
Vipe,Prudi,Guiraud
Eire,Zack,Neilan
Skidoo,Erminie,Bursell
Feedbug,Brigida,Thresher
Ailane,Sue,Staniland
Twitterlist,Anjela,Wieprecht
Avaveo,Vasilis,Doeg
Topicshots,Odell,Fesby
Linktype,Laurie,Rummins
Blogpad,Krysta,Camell
Mydo,Curran,Ashmole
Mymm,Brina,Wheildon
Voonte,Lanie,Saill
Skyndu,Theodor,Baskeyfied
Twitterlist,Audrie,Getty
Blognation,Milty,Pitrollo
Jaxbean,Clark,Howsam
Linkbridge,Vite,Mighele
Dabvine,Dru,Detoile
Trupe,Piper,Hanbury
Fatz,Kin,Norcock
Riffwire,Del,Graalmans
Cogibox,Gunner,Linacre
Trudoo,Alec,Standell
Demivee,Vally,MacPhaden
Tekfly,Kristofor,Coleiro
Topdrive,Ruthi,Obin
Jazzy,Glenn,de Clerc
Kwinu,Joellen,Lyffe
Photobean,Bank,Wickman